brand,price,head_size,length,weight,tension,balance,beam_width,composition,flex,grip_type,power_lv,string_pa,swing_sp,swing_we
Dunlop,$219.99,98 sq. in MP,27 inches,Strung — 11.4 oz / 323 g Unstrung — 10.8 oz / 305 g,45-60 Pounds,6 Pts Head Light,21.5mm,Sonic Core with Infinergy,64,Dunlop Synthetic,Low,"16 Mains / 19 CrossesMains Skip: 8T, 8HTwo PieceNo Shared Holes","Fast, Long Swing",326
Head,$239.95,98 sq. in MP,27 inches,Strung — 11.7 oz / 331 g Unstrung — 11.1 oz / 315 g,48-57 Pounds,6 Pts Head Light,20/21.5/21mm,Graphene 360+ / Graphite,64,Head Hydrosob Pro,Low,"16 Mains / 19 CrossesMains Skip: 8T, 8HTwo PieceNo Shared Holes","Fast, Long Swing",329
Tecnifibre,$209.95,100 sq. in MP,27 inches,Strung — 10.5 oz / 297 g Unstrung — 9.9 oz / 280 g,49-55 Pounds,3 Pts Head Light,23mm,Dynacore XTC / Graphite,70,Xtra Feel Blazon,Medium,"16 Mains / 19 CrossesMains Skip: 7T, 9T, 7H, 9HTwo PieceNo Shared Holes","Medium, Moderate Swing",313
Tecnifibre,$229.95,98 sq. in MP,27 inches,Strung — 11.4 oz / 322 g Unstrung — 10.8 oz / 305 g,49-55 Pounds,3 Pts Head Light,22.5mm,Dynacore XTC / Graphite,68,Xtra Feel Blazon,Low,"18 Mains / 19 CrossesMains Skip: 7T, 9T, 7H, 9HTwo PieceNo Shared Holes","Fast, Long Swing",331
Tecnifibre,$219.95,98 sq. in MP,27 inches,Strung — 11.2 oz / 317 g Unstrung — 10.6 oz / 300 g,49-55 Pounds,4 Pts Head Light,22.5mm,Dynacore XTC / Graphite,67,Xtra Feel Blazon,Low,"16 Mains / 19 CrossesMains Skip: 7T, 9T, 7H, 9HTwo PieceNo Shared Holes","Fast, Long Swing",316
Tecnifibre,$209.95,100 sq. in MP,27 inches,Strung — 11.0 oz / 312 g Unstrung — 10.4 oz / 295 g,49-55 Pounds,3 Pts Head Light,23mm,Dynacore XTC / Graphite,72,Xtra Feel Blazon,Medium,"16 Mains / 19 CrossesMains Skip: 7T, 9T, 7H, 9HTwo PieceNo Shared Holes","Medium, Moderate Swing",318
Wilson,$129,100 sq. in MP,27 inches,Strung — 9.8 oz / 278 g Unstrung — 9.2 oz / 261 g,50-60 Pounds,2 Pts Head Light,23/25/23mm,High Performance Carbon Fiber,66,Sublime,Medium,"18 Mains / 16 CrossesMains Skip: 9T, 9HTwo PieceShared Holes: 7T, 8T","Medium, Moderate Swing",301
Wilson,$139,100 sq. in MP,27 inches,Strung — 10.3 oz / 292 g Unstrung — 9.8 oz / 278 g,50-60 Pounds,3 Pts Head Light,23/26.5/22.5mm,Carbon Fiber,69,Wilson Sublime,Medium,"16 Mains / 19 CrossesMains Skip: 8T, 8HTwo PieceNo Shared Holes","Medium, Moderate Swing",300
Head,$199.95,104 sq. in MP,27 inches,Strung — 10.7 oz / 303 g Unstrung — 10.1 oz / 285 g,48-57 Pounds,3 Pts Head Light,24mm,Graphene 360+ / Graphite,60,HEAD Hydrosorb Pro,Medium,"16 Mains / 20 CrossesMains Skip: 7T, 9T, 7H, 9HTwo PieceNo Shared Holes","Medium, Moderate Swing",310
Head,$239.95,100 sq. in MP,27 inches,Strung — 11.7 oz / 331 g Unstrung — 11.1 oz / 315 g,48-57 Pounds,6 Pts Head Light,20mm,Graphene 360+ / Graphite,62,HEAD Hydrosorb Pro,Low,"18 Mains / 20 CrossesMains Skip: 8T, 8H, 10T, 10HTwo PieceNo Shared Holes","Fast, Long Swing",330
Babolat,$229,100 sq. in MP,27.5 inches,Strung — 11.2 oz / 318 g Unstrung — 10.6 oz / 300 g,50-59 Pounds,6 Pts Head ight,23/26/23mm,HTR / Graphite,70,Syntec Pro,Medium,"16 Mains / 19 CrossesMains Skip: 7T, 9T, 7H, 9HTwo PieceNo Shared Holes","Fast, Long Swing",320
Wilson,$159,98 sq. in MP,27 inches,Strung — 11.3 oz / 320 g Unstrung — 10.7 oz / 304 g,50-60 Pounds,3 Pts Head Light,20.6 mm,Braided Graphite / Basalt,66,Wilson Sublime,Low,"16 Mains / 19 CrossesMains Skip: 8T, 8HTwo PieceNo Shared Holes","Fast, Long Swing",325
Yonex,$239,100 sq. in MP,27 inches,Strung — 11.2 oz / 318 g Unstrung — 10.6 oz / 300 g,45-60 Pounds,4 Pts Head Light,24/25/22mm,2G-NAMD Flex Force / Graphite / VDM,66,Yonex Synthetic,Medium,"16 Mains / 19 CrossesMains Skip: 8T, 8HTwo PieceNo Shared Holes","Medium, Moderate Swing",324
Yonex,$239,100 sq. in MP,27 inches,Strung — 10.6 oz / 301 g Unstrung — 10.1 oz / 285 g,45-60 Pounds,3 Pts Head Light,23.5/26/22mm,HM Graphite / M40X with VDM HM Graphite / M40X / VDM,68,Yonex Synthetic,Medium,"16 Mains / 19 CrossesMains Skip: 8T,8HTwo PieceNo Shared Holes","Medium, Moderate Swing",311
Head,$229.95,100 sq. in MP,27 inches,Strung — 11.0 oz / 312 g Unstrung — 10.4 oz / 295 g,48-57 Pounds,3 Pts Head Light,22mm,Graphene 360+ / Graphite,61,HEAD Hydrosorb Pro,Low,"16 Mains / 20 CrossesMains Skip: 7T, 9T, 7H, 9HTwo PieceNo Shared Holes","Fast, Long Swing",320
Babolat,$209,100 sq. in MP,27 inches,Strung — 10.6 oz / 301 g Unstrung — 10.1 oz / 286 g,50-59 Pounds,4 Pts Head Light,23/26/23mm,HTR / Graphite,70,Syntec Pro,Medium,"16 Mains / 19 CrossesMains Skip: 7T, 9T, 7H, 9HTwo PieceNo Shared Holes","Medium, Moderate Swing",316
Wilson,$219,97 sq. in MP,27 inches,Strung — 10.8 oz / 306 g Unstrung — 10.2 oz / 290 g,50-60 Pounds,3 Pts Head Light,23mm,Braided Graphite / Kevlar,70,Wilson Pro Performance,Medium,"16 Mains / 19 CrossesMains Skip: 7T, 9T, 7H, 9HTwo PieceNo Shared Holes","Fast, Long Swing",315
Head,$189.95,104 sq. in MP,27 inches,Strung — 10.1 oz / 286 g Unstrung — 9.5 oz / 270 g,52-62 Pounds,Even Balance,24mm,Graphene 360+ / Graphite,60,HEAD Hydrosorb Pro,High,"16 Mains / 20 CrossesMains Skip: 7T, 9T, 7H, 9HTwo PieceNo Shared Holes","Slow, Compact Swing",300
Dunlop,$219.99,95 sq. in MP,27 inches,Strung — 11.7 oz / 332 g Unstrung — 11.1 oz / 315 g,45-65 Pounds,7 Pts Head Light,20.5mm,Sonic Core with Infinergy / Graphite,63,Leather,Low,"18 mains / 20 CrossesMains Skip: 8T, 10T, 8H, 10HTwo PieceNo Shared Holes","Fast, Long Swing",318
Wilson,$199,100 sq. in MP,27 inches,Strung — 11.1 oz / 315 g Unstrung — 10.6 oz / 300 g,48-57 Pounds,4 Pts Head Light,24/26/23mm,High Performance Carbon Fiber,72,Wilson Pro Performance,Medium,"16 Mains / 19 CrossesMains Skip: 8T, 8HTwo PieceNo Shared Holes","Medium, Moderate Swing",310
Wilson,$139,100 sq. in MP,27 inches,Strung — 10.5 oz / 298 g Unstrung — 9.9 oz / 281 g,50-60 Pounds,3 Pts Head Light,23/25/23mm,High Performance Carbon Fiber,69,Sublime,Medium,"18 Mains / 16 CrossesMains Skip: 9T, 9HTwo PieceShared Holes: 7T, 8T","Medium, Moderate Swing",315
Head,$179.95,107 sq. in OS,27.2 inches,Strung — 10.0 oz / 283 g Unstrung — 9.5 oz / 270 g,48-57 Pounds,1 Pts Head Heavy,23/26/23mm,Graphene 360+ / Graphite,62,Head Hydrosob Pro,Medium,"16 Mains / 19 CrossesMains Skip: 8T, 8HTwo PieceNo Shared Holes","Medium, Moderate Swing",305
Yonex,$229,100 sq. in MP,27 inches,Strung — 10.5 oz / 298 g Unstrung — 9.9 oz / 280 g,45-60 Pounds,2 Pts Head Light,24/25/22mm,2G-NAMD Flex Force / Graphite / VDM,66,Yonex Synthetic,Medium,"16 Mains / 19 CrossesMains Skip: 8T, 8HTwo PieceNo Shared Holes","Medium, Moderate Swing",306
Yonex,$239,98 sq. in MP,27 inches,Strung — 11.4 oz / 323 g Unstrung — 10.8 oz / 305 g,45-60 Pounds,6 Pts Head Light,22.5/23/21mm,2G-NAMD Flex Force / Graphite / VDM,65,Yonex Synthetic,Low,"16 Mains / 19 CrossesMains Skip: 8T, 8HTwo PieceNo Shared Holes","Fast, Long Swing",325
Yonex,$229,98 sq. in MP,27 inches,Strung — 10.8 oz / 306 g Unstrung — 10.1 oz / 285 g,45-60 Pounds,6 Pts Head Light,22.5/23/21mm,2G-NAMD Flex Force / Graphite / VDM,65,Yonex Synthetic,Low,"16 Mains / 19 CrossesMains Skip: 8T, 8HTwo PieceNo Shared Holes","Medium, Moderate Swing",307
Head,$229.95,100 sq. in MP,27 inches,Strung — 11.2 oz / 318 g Unstrung — 10.6 oz / 300 g,48-57 Pounds,4 Pts Head Light,23mm,Graphene 360+ / Graphite,64,HEAD Hydrosorb Pro,Low,"16 Mains / 19 CrossesMains Skip: 7T, 9T, 7H, 9HTwo PieceNo Shared Holes","Fast, Long Swing",329
Tecnifibre,$229.95,98 sq. in MP,27 inches,Strung — 11.7 oz / 332 g Unstrung — 11.1 oz / 315 g,49-55 Pounds,7 Pts Head Light,22.5mm,Dynacore XTC / Graphite,69,Xtra Feel Blazon,Low,"16 Mains / 19 CrossesMains Skip: 7T, 9T, 7H, 9HTwo PieceNo Shared Holes","Fast, Long Swing",323
Yonex,$239,100 sq. in MP,27 inches,Strung — 11.2 oz / 318 g Unstrung — 10.6 oz / 300 g,45-60 Pounds,4 Pts Head Light,23.5/26/22mm,HM Graphite / M40X with VDM HM Graphite / M40X / VDM,68,Yonex Synthetic,Medium,"16 Mains / 19 CrossesMains Skip: 8T,8HTwo PieceNo Shared Holes","Medium, Moderate Swing",320
Pro,$199,100 sq. in MP,27 inches,Strung — 11.2 oz / 318 g Unstrung — 10.6 oz / 300 g,50-65 Pounds,4 Pts Head Light,21mm,SpiralTech Graphite,55,Synthetic,Low,"16 Mains / 19 CrossesMains Skip: 8T,8HTwo PieceNo Shared Holes","Fast, Long Swing",319
Wilson,$159,100 sq. in MP,27 inches,Strung — 11.2 oz / 318 g Unstrung — 10.6 oz / 300 g,50-60 Pounds,4 Pts Head Light,23/26.5/22.5mm,Carbon Fiber,73,Wilson Sublime,Medium,"16 Mains / 19 CrossesMains Skip: 8T, 8HTwo PieceNo Shared Holes","Medium, Moderate Swing",315
Wilson,$149,100 sq. in MP,27 inches,Strung — 11.2 oz / 318 g Unstrung — 10.7 oz / 303 g,50-60 Pounds,4 Pts Head Light,23/25/23mm,High Performance Carbon Fiber,72,Sublime,Medium,"16 Mains / 19 CrossesMains Skip: 8T, 8HTwo PieceShared Holes: 6T, 7T","Medium, Moderate Swing",333
Wilson,$149,100 sq. in MP,27 inches,Strung — 11.2 oz / 318 g Unstrung — 10.6 oz / 301 g,50-60 Pounds,4 Pts Head Light,23/25/23mm,High Performance Carbon Fiber,71,Sublime,Medium,"18 Mains / 16 CrossesMains Skip: 9T, 9HTwo PieceShared Holes: 7T, 8T","Medium, Moderate Swing",335
Dunlop,$219.99,95 sq. in MP,27 inches,Strung — 11.5 oz / 326 g Unstrung — 10.9 oz / 309 g,45-60 Pounds,7 Pts Head Light,20.5mm,Sonic Core with Infinergy,63,Dunlop Synthetic,Low,"16 Mains / 19 CrossesMains Skip: 8T, 8HTwo PieceNo Shared Holes","Fast, Long Swing",319
Wilson,$249,97 sq. in MP,27 inches,Strung — 12.6 oz / 357 g Unstrung — 12.0 oz / 340 g,50-60 Pounds,9 Pts Head Light,21.5 mm,Braided Graphite / Kevlar,68,Wilson Leather,Low,"16 Mains / 19 CrossesMains Skip: 7T, 9T, 7H, 9HTwo PieceNo Shared Holes","Fast, Long Swing",330
Babolat,$209,107 sq. in OS,27.2 inches,Strung — 10.7 oz / 303 g Unstrung — 10.1 oz / 286 g,50-59 Pounds,5 Pts Head Light,23/26/23mm,HTR / Graphite,66,Syntec Pro,Medium,"16 Mains / 19 CrossesMains Skip: 7T, 9T, 7H, 9HTwo PieceNo Shared Holes","Medium, Moderate Swing",310
Dunlop,$199.99,100 sq. in MP,27 inches,Strung — 11.2 oz / 318 g Unstrung — 10.6 oz / 300 g,45-65 Pounds,4 Pts Head Light,23mm,Sonic Core with Infinergy / Graphite,67,Dunlop Synthetic,Medium,"16 Mains / 19 CrossesMains Skip: 8T, 8HTwo PieceNo Shared Holes","Medium, Moderate Swing",322
Head,$199.95,102 sq. in MP,27 inches,Strung — 10.5 oz / 298 g Unstrung — 9.9 oz / 280 g,48-57 Pounds,4 Pts Head Light,22/25/23mm,Graphene 360+ / Graphite,60,Head Hydrosob Pro,Medium,"16 Mains / 19 CrossesMains Skip: 8T, 8HTwo PieceNo Shared Holes","Medium, Moderate Swing",310
Wilson,$219,98 sq. in MP,27 inches,Strung — 11.4 oz / 323 g Unstrung — 10.8 oz / 308 g,50-60 Pounds,4 Pts Head Light,20.6 mm,High Performance Carbon Fiber,62,Wilson Pro Performance,Low,"16 Mains / 19 CrossesMains Skip: 8T, 8HTwo PieceNo Shared Holes","Fast, Long Swing",331
Wilson,$229,97 sq. in MP,27 inches,Strung — 11.7 oz /332 g Unstrung — 11.1 oz / 315 g,50-60 Pounds,7 Pts Head Light,21.5 mm,Braided Graphite / Kevlar,65,Wilson Pro Performance,Low,"16 Mains / 19 CrossesMains Skip: 7T, 9T, 7H, 9HTwo PieceNo Shared Holes","Fast, Long Swing",320
Babolat,$199,100 sq. in MP,27 inches,Strung — 10.1 oz / 286 g Unstrung — 9.5 oz / 269 g,50-59 Pounds,4 Pts Head Light,23/26/23mm,HTR / Graphite,70,Syntec Pro,Medium,"16 Mains / 19 CrossesMains Skip: 7T, 9T, 7H, 9HTwo PieceNo Shared Holes","Medium, Moderate Swing",300
Babolat,$229,100 sq. in MP,27 inches,Strung — 11.7 oz / 332 g Unstrung — 11.1 oz / 315 g,50-59 Pounds,6 Pts Head Light,23/26/23mm,HTR / Graphite,72,Syntec Pro,Low,"16 Mains / 19 CrossesMains Skip: 7T, 10T, 7H, 10HTwo PieceNo Shared Holes","Fast, Long Swing",320
Yonex,$239,98 sq. in MP,27 inches,Strung — 11.3 oz / 320 g Unstrung — 10.8 oz / 305 g,45-60 Pounds,6 Pts Head Light,23/24/19mm,HM Graphite / M40X with VDM HM Graphite / M40X / VDM,64,Yonex Synthetic,Medium,"16 Mains / 19 CrossesMains Skip: 8T,8HTwo PieceNo Shared Holes","Fast, Long Swing",317
Dunlop,$199.99,105 sq. in OS,27 inches,Strung — 11.0 oz / 312 g Unstrung — 10.4 oz / 295 g,45-65 Pounds,3 Pts Head Light,21.5mm,Sonic Core with Infinergy / Graphite,62,Dunlop Synthetic,Medium,"16 Mains / 19 CrossesMains Skip: 8T, 8HTwo PieceNo Shared Holes","Medium, Moderate Swing",313
Head,$229.95,98 sq. in MP,27 inches,Strung — 11.2 oz / 318 g Unstrung — 10.6 oz / 300 g,48-57 Pounds,4 Pts Head Light,20/23/21mm,Graphene 360+ / Graphite,64,Head Hydrosob Pro,Medium,"16 Mains / 19 CrossesMains Skip: 8T, 8HTwo PieceNo Shared Holes","Fast, Long Swing",325
Head,$179.95,100 sq. in MP,27 inches,Strung — 11.2 oz / 318 g Unstrung — 10.6 oz / 300 g,48-57 Pounds,4 Pts Head Light,23/26/23mm,Graphene 360+ / Graphite,63,HEAD Hydrosorb Pro,Medium,"16 Mains / 19 CrossesMains Skip: 8T, 8HTwo PieceNo Shared Holes","Fast, Long Swing",320
Head,$239.95,100 sq. in MP,27 inches,Strung — 11.6 oz / 329 g Unstrung — 10.9 oz / 309 g,48-57 Pounds,6 Pts Head Light,23mm,Graphene 360+ / Graphite,62,HEAD Hydrosorb Pro,Low,"18 Mains / 20 CrossesMains Skip: 8T, 10T, 8H, 10HTwo PieceNo Shared Holes","Fast, Long Swing",330
Dunlop,$199.99,98 sq. in MP,27 inches,Strung — 10.8 oz / 305 g Unstrung — 10.2 oz / 290 g,45-65 Pounds,3 Pts Head Light,21.5mm,Sonic Core with Infinergy / Graphite,64,Dunlop Synthetic,Medium,"16 Mains / 19 CrossesMains Skip: 8T, 8HTwo PieceNo Shared Holes","Medium, Moderate Swing",315
Babolat,$209,110 sq. in OS,27.6 inches,Strung — 9.6 oz / 272 g Unstrung — 9 oz / 255 g,50-59 Pounds,3 Pts Head Light,24/27/24mm,HTR / Graphite,70,Syntec Pro,High,"16 Mains / 19 CrossesMains Skip: 7T, 9T, 7H, 9HTwo PieceNo Shared Holes","Slow, Compact Swing",304
Wilson,$249,100 sq. in MP,27 inches,Strung — 10.9 oz / 310 g Unstrung — 10.4 oz / 295 g,48-57 Pounds,7 Pts Head Light,24.5 mm,High Performance Carbon Fiber,49,Wilson Pro Performance,Medium,"16 Mains / 19 CrossesMains Skip: 7T, 9T, 7H, 9HTwo PieceNo Shared Holes","Fast, Long Swing",327
Yonex,$239,95 sq. in MP,27 inches,Strung — 11.5 oz / 326 g Unstrung — 10.9 oz / 310 g,45-60 Pounds,7 Pts Head Light,21.5/22/21mm,2G-NAMD Flex Force / Graphite / VDM,64,Yonex Synthetic,Low,"16 Mains / 20 CrossesMains Skip: 7T, 9T, 7H, 9HTwo PieceNo Shared Holes","Fast, Long Swing",324
Pro,$199,100 sq. in MP,27 inches,Strung — 11.8 oz / 335 g Unstrung — 11.1 oz / 315 g,50-65 Pounds,7 Pts Head Light,21mm,SpiralTech Graphite,56,Synthetic,Low,"16 Mains / 19 CrossesMains Skip: 8T,8HTwo PieceNo Shared Holes","Fast, Long Swing",325
Dunlop,$199.99,100 sq. in MP,27 inches,Strung — 10.6 oz / 300 g Unstrung — 10.1 oz / 285 g,45-65 Pounds,1 Pts Head Light,24mm,Sonic Core with Infinergy / Graphite,70,Dunlop Synthetic,Medium,"16 Mains / 19 CrossesMains Skip: 8T, 8HTwo PieceNo Shared Holes","Medium, Moderate Swing",315
Head,$89.95,100 sq. in MP,27 inches,Strung — 10.7 oz / 303 g Unstrung — 10.1 oz / 285 g,48-57 Pounds,1 Pt Head Light,22mm,Graphene XT / Graphite,68,Hydrosorb Pro,Low,"16 Mains / 19 CrossesMains Skip: NoneTwo Piece7T & H, 8T & H","Fast, Long Swing",317
Volkl,$189.99,100 sq. in MP,27 inches,Strung — 10.3 oz / 292 g Unstrung — 9.7 oz / 275 g,50-60 Pounds,2 Pts Head Light,24/26/23mm,V-Cell/Graphite,69,Volkl,Medium,"16 Mains / 19 CrossesMains Skip: 8T,8HTwo PieceNo Shared Holes","Medium, Moderate Swing",304
Yonex,$229,100 sq. in MP,27.5 inches,Strung — 11.1 oz / 315 g Unstrung — 10.6 oz / 300 g,40-55 Pounds,3 Pts Head Light,23.5/26/22mm,HM Graphite / M40X with VDM HM Graphite / M40X / VDM,70,Yonex Synthetic,Medium,"16 Mains / 19 CrossesMains Skip: 8T,8HTwo PieceNo Shared Holes","Medium, Moderate Swing",335
Dunlop,$199.99,100 sq. in MP,27 inches,Strung — 11.2 oz / 318 g Unstrung — 10.6 oz / 300 g,45-65 Pounds,4 Pts Head Light,23/26/23mm,Sonic Core with Infinergy & Graphite,65,Dunlop Viper Dry,Medium,"16 Mains / 19 CrossesMains Skip: 8T,8HTwo PieceNo Shared Holes","Medium, Moderate Swing",326
Head,$99.95,98 sq. in MP,27 inches,Strung — 11.0 oz / 312 g Unstrung — 10.4 oz / 295 g,48-57 Pounds,6 Pts Head Light,20/23/21mm,Graphene XT / Graphite,64,Hydrosorb Pro,Low,"16 Mains / 19 CrossesMains Skip: 8T, 8HTwo PieceNo Shared Holes","Fast, Long Swing",322
Volkl,$209.99,100 sq. in MP,27 inches,Strung — 11.5 oz / 326 g Unstrung — 10.9 oz / 310 g,50-60 Pounds,6 Pts Head Light,24/26/23mm,V-Cell/Graphite,68,Volkl,Low,"16 Mains / 19 CrossesMains Skip: 8T,8HTwo PieceNo Shared Holes","Fast, Long Swing",317
Yonex,$189,108 sq. in OS,27.25 inches,Strung — 9.6 oz / 272 g Unstrung — 9.0 oz / 255 g,40-55 Pounds,1 Pts Head Light,26/29/24mm,HM Graphite / M40X with VDM HM Graphite / M40X / VDM,67,Yonex Synthetic,High,"16 Mains / 18 CrossesMains Skip: 8T,8HTwo PieceNo Shared Holes","Slow, Compact Swing",305
Tecnifibre,$229.95,98 sq. in MP,27 inches,Strung — 11.7 oz / 332 g Unstrung — 11.1 oz / 315 g,49-59 Pounds,7 Pts Head Light,21.7mm,Dynacore/Graphite/XTC,66,Tecnifibre X-Tra Feel,Low,"18 Mains / 20 CrossesMains Skip: 8T, 10T, 8H, 10HTwo PieceNo Shared Holes","Fast, Long Swing",325
Tecnifibre,$179.95,100 sq. in MP,26.6 inches,Strung — 10.5 oz / 298 g Unstrung — 10.05 oz / 285 g,50-55 Pounds,4 Pts Head Light,24/25/24mm,Graphite,68,Wax Grip,Medium,"16 Mains / 19 CrossesMains Skip: 7T, 9T, 7H, 9HTwo PieceNo Shared Holes","Medium, Moderate Swing",298
Head,$239.95,100 sq. in MP,27 inches,Strung — 11.6 oz / 329 g Unstrung — 10.9 oz / 309 g,48-57 Pounds,6 Pts Head Light,23mm,Graphene 360+ / Graphite,62,HEAD Hydrosorb Pro,Low,"18 Mains / 20 CrossesMains Skip: 8T, 10T, 8H, 10HTwo PieceNo Shared Holes","Fast, Long Swing",330
Babolat,$99,102 sq. in MP,27 inches,Strung — 10.5 oz / 298 g Unstrung — 9.9 oz / 281 g,50-55 Pounds,3 Pts Head Light,23/26/23mm,Graphite,68,Babolat Synthetic,Medium,"16 Mains / 19 CrossesMains Skip: 8T,8HOne PieceNo Shared Holes","Medium, Moderate Swing",312
Head,$189.95,105 sq. in OS,27 inches,Strung — 10.2 oz / 292 g Unstrung — 9.7 oz / 275 g,52-62 Pounds,1 Pts Head Heavy,23/26/22mm,Graphene 360+ / Graphite,66,Hydrosorb Pro,Medium,"16 Mains / 19 CrossesMains Skip: 8T,8HTwo PieceNo Shared Holes","Medium, Moderate Swing",310
Dunlop,$179.99,100 sq. in MP,27 inches,Strung — 10.1 oz / 286 g Unstrung — 9.5 oz / 270 g,45-65 Pounds,1 Pts Head Light,23/26/23mm,Sonic Core with Infinergy / Graphite,71,Dunlop Viper Dry,Medium,"16 Mains / 19 CrossesMains Skip: 7T, 9T, 7H, 9HTwo PieceNo Shared Holes","Slow, Compact Swing",295
Head,$229.95,93 sq. in MP,27 inches,Strung — 11.8 oz / 335 g Unstrung — 11.3 oz / 320 g,48-57 Pounds,7 Pts Head Light,20mm,Graphene 360+ / Graphite,65,HEAD Hydrosorb Pro,Low,"16 Mains / 19 CrossesMains Skip: 8T, 8HTwo PieceNo Shared Holes","Fast, Long Swing",328
Yonex,$219,98 sq. in MP,27 inches,Strung — 10.6 oz / 300 g Unstrung — 10.1 oz / 285 g,45-60 Pounds,1 Pts Head Light,23/24/19mm,HM Graphite / M40X with VDM HM Graphite / M40X / VDM,64,Yonex Synthetic,Medium,"16 Mains / 19 CrossesMains Skip: 8T,8HTwo PieceNo Shared Holes","Fast, Long Swing",312
Head,$229.95,95 sq. in MP,27 inches,Strung — 11.7 oz / 331 g Unstrung — 11.1 oz / 315 g,48-57 Pounds,6 Pts Head Light,22mm,Graphene 360+ / Graphite,65,HEAD Hydrosorb Pro,Low,"16 Mains / 19 CrossesMains Skip: 8T, 8HTwo PieceNo Shared Holes","Fast, Long Swing",327
Head,$219.95,100 sq. in MP,27 inches,Strung — 10.3 oz / 292 g Unstrung — 9.7 oz / 275 g,48-57 Pounds,1 Pts Head Light,23mm,Graphene 360+ / Graphite,64,HEAD Hydrosorb Pro,Low,"16 Mains / 19 CrossesMains Skip: 7T, 9T, 7H, 9HTwo PieceNo Shared Holes","Medium, Moderate Swing",317
Volkl,$219.99,105 sq. in OS,27.6 inches,Strung — 10.3 oz / 292 g Unstrung — 9.7 oz / 275 g,46-60 Pounds,5 Pts Head Light,25mm,V-Cell/Graphite,68,Volkl,High,"16 Mains / 19 CrossesMains Skip: 8T,8HTwo PieceNo Shared Holes","Slow, Compact Swing",305
Dunlop,$199.99,98 sq. in MP,27 inches,Strung — 11.4 oz / 320 g Unstrung — 10.8 oz / 305 g,45-65 Pounds,6 Pts Head Light,21/23/22mm,Sonic Core with Infinergy / Graphite,70,Dunlop Viper Dry,Medium,"16 Mains / 19 CrossesMains Skip: 7T, 9T, 7H, 9HTwo PieceNo Shared Holes","Fast, Long Swing",320
Wilson,$179,100 sq. in MP,27 inches,Strung — 9.7 oz / 275 g Unstrung — 9.1 oz / 257 g,47-57 Pounds,3 Pts Head Light,24/26/23mm,High Performance Carbon Fiber,68,Wilson Pro Performance,Medium,"16 Mains / 19 CrossesMains Skip: 8T, 8HTwo PieceNo Shared Holes","Medium, Moderate Swing",290
Volkl,$209.99,100 sq. in MP,27 inches,Strung — 11.1 oz / 312 g Unstrung — 10.6 oz / 300 g,50-60 Pounds,5 Pts Head Light,22/24/22mm,V-Cell/Graphite,67,Volkl,Low,"16 Mains / 18 CrossesMains Skip: 8T,8HTwo PieceNo Shared Holes","Fast, Long Swing",312
Babolat,$129,112 sq. in OS,27.5 inches,Strung — 9.8 oz / 278 g Unstrung — 9.3 oz / 264 g,50-59 Pounds,5 Pts Head Heavy,26/28/29mm,Graphite,72,Babolat Syntec Pro,High,"16 Mains / 19 CrossesMains Skip: 8T,8HTwo PieceNo Shared Holes","Slow, Compact Swing",324
Yonex,$179,98 sq. in MP,27 inches,Strung — 10.1 oz / 286 g Unstrung — 9.5 oz / 270 g,45-60 Pounds,3 Pts Head Light,23/25/20mm,HM Graphite / M40X with VDM HM Graphite / M40X / VDM,68,Yonex Synthetic,Medium,"16 Mains / 19 CrossesMains Skip: 8T,8HTwo PieceNo Shared Holes","Medium, Moderate Swing",300
Head,$99.95,100 sq. in MP,27 inches,Strung — 11.1 oz / 315 g Unstrung — 10.6 oz / 300 g,48-57 Pounds,4 Pts Head Light,22mm,Graphene XT / Graphite,67,Hydrosorb Pro,Low,"16 Mains / 19 CrossesMains Skip: NoneTwo Piece7T & H, 8T & H","Fast, Long Swing",320
Yonex,$239,97 sq. in MP,27 inches,Strung — 11.5 oz / 326 g Unstrung — 10.9 oz / 310 g,45-60 Pounds,7 Pts Head Light,20mm,H.M. Graphite/Black Micro Core/Namd,64,Yonex Super Cushion Grip,Low,"16 Mains / 19 CrossesMains Skip: 8T, 8HTwo PieceNo Shared Holes","Fast, Long Swing",317
Wilson,$249,102 sq. in MP,28 inches,Strung — 11.4 oz / 323 g Unstrung — 10.8 oz / 305 g,48-57 Pounds,7 Pts Head Light,22mm,Braided Graphite / Countervail,68,Wilson Pro Performance,Low,"18 Mains / 19 CrossesMains Skip: 9T, 9HTwo PieceNo Shared Holes","Fast, Long Swing",347
Babolat,$99,102 sq. in MP,27 inches,Strung — 9.8 oz / 275 g Unstrung — 9.2 oz / 260 g,50-55 Pounds,2 Pts Head Heavy,23/26/23mm,Graphite,67,Babolat Synthetic,Medium,"16 Mains / 19 CrossesMains Skip: 8T,8HOne PieceNo Shared Holes","Medium, Moderate Swing",306
Yonex,$159,102 sq. in MP,27 inches,Strung — 9.4 oz / 266 g Unstrung — 8.8 oz / 250 g,45-60 Pounds,2 Pts Head Heavy,24/27/23mm,HM Graphite / M40X with VDM HM Graphite / M40X / VDM,68,Yonex Synthetic,Medium,"16 Mains / 18 CrossesMains Skip: 8T,8HTwo PieceNo Shared Holes","Medium, Moderate Swing",299
Dunlop,$179.99,107 sq. in OS,27.5 inches,Strung — 9.9 oz / 281 g Unstrung — 9.3 oz / 265 g,45-65 Pounds,Even Balance,23/27/23mm,Sonic Core with Infinergy / Graphite,70,Dunlop Viper Dry,High,"16 Mains / 19 CrossesMains Skip: 8T, 8HTwo PieceNo Shared Holes","Slow, Compact Swing",320
Babolat,$229,100 sq. in MP,27 inches,Strung — 11.2 oz / 318 g Unstrung — 10.6 oz / 300 g,50-59 Pounds,4 Points Head ight,23/26/23mm,HTR / Graphite,70,Syntec Pro,Medium,"16 Mains / 19 CrossesMains Skip: 7T, 9T, 7H, 9HTwo PieceNo Shared Holes","Fast, Long Swing",320
Yonex,$229,98 sq. in MP,27 inches,Strung — 11.7 oz / 332 g Unstrung — 11.1 oz / 315 g,40-55 Pounds,4 Pts Head Light,23/24/19mm,HM Graphite / M40X with VDM HM Graphite / M40X / VDM,63,Yonex Synthetic,Low,"16 Mains / 19 CrossesMains Skip: 8T,8HTwo PieceNo Shared Holes","Fast, Long Swing",328
Dunlop,$179.99,100 sq. in MP,27 inches,Strung — 10.7 oz / 303 g Unstrung — 10.1 oz / 285 g,45-65 Pounds,3 Pts Head Light,23/26/23mm,Sonic Core with Infinergy & Graphite,68,Dunlop Viper Dry,Medium,"16 Mains / 19 CrossesMains Skip: 8T,8HTwo PieceNo Shared Holes","Medium, Moderate Swing",318
Dunlop,$179.99,100 sq. in MP,27 inches,Strung — 10.1 oz / 286 g Unstrung — 9.5 oz / 270 g,45-65 Pounds,2 Pts Head Light,23/26/23mm,Sonic Core with Infinergy & Graphite,67,Dunlop Viper Dry,Medium,"16 Mains / 19 CrossesMains Skip: 8T,8HTwo PieceNo Shared Holes","Medium, Moderate Swing",302
Yonex,$239,97 sq. in MP,27 inches,Strung — 12.2 oz / 346 g Unstrung — 11.6 oz / 330 g,45-60 Pounds,7 Pts Head Light,20mm,H.M. Graphite/Black Micro Core/Namd,65,Yonex Super Cushion Grip,Low,"16 Mains / 19 CrossesMains Skip: 8T, 8HTwo PieceNo Shared Holes","Fast, Long Swing",330
Head,$199.95,100 sq. in MP,27 inches,Strung — 11.2 oz / 318 g Unstrung — 10.6 oz / 300 g,52-62 Pounds,3 Pts Head Light,23/26/21mm,Graphene 360+ / Graphite,66,Hydrosorb Pro,Medium,"16 Mains / 19 CrossesMains Skip: 8T,8HTwo PieceNo Shared Holes","Fast, Long Swing",325
Wilson,$199,100 sq. in MP,27 inches,Strung — 11.1 oz / 315 g Unstrung — 10.6 oz / 300 g,47-57 Pounds,4 Pts Head Light,24/26/23mm,High Performance Carbon Fiber,72,Wilson Pro Performance,Medium,"16 Mains / 19 CrossesMains Skip: 8T, 8H Mains Skip: 8T, 8H Mains Skip: 8T, 8HTwo PieceNo Shared Holes","Medium, Moderate Swing",310
Wilson,$189,108 sq. in OS,27.25 inches,Strung — 10.1 oz / 286 g Unstrung — 9.5 oz / 270 g,47-57 Pounds,1 Pts Head Light,26/27.5/25mm,High Performance Carbon Fiber,69,Wilson Pro Performance,High,"16 Mains / 18 CrossesMains Skip: 7T, 9T, 7H, 9HTwo PieceNo Shared Holes","Slow, Compact Swing",308
Head,$189.95,105 sq. in OS,27 inches,Strung — 9.8 oz / 275 g Unstrung — 9.3 oz / 265 g,52-62 Pounds,3 Pts Head Heavy,23/26/22mm,Graphene 360+ / Graphite,66,Hydrosorb Pro,Medium,"16 Mains / 19 CrossesMains Skip: 8T,8HTwo PieceNo Shared Holes","Medium, Moderate Swing",310
Yonex,$209,105 sq. in OS,27 inches,Strung — 10.3 oz / 292 g Unstrung — 9.7 oz / 275 g,45-60 Pounds,1 Pts Head Light,26/29/24mm,HM Graphite / M40X with VDM HM Graphite / M40X / VDM,67,Yonex Synthetic,High,"16 Mains / 19 CrossesMains Skip: 8T,8HTwo PieceNo Shared Holes","Slow, Compact Swing",305
Head,$219.95,98 sq. in MP,27 inches,Strung — 11.4 oz / 320 g Unstrung — 10.8 oz / 305 g,48-57 Pounds,6 Pts Head Light,21/23/21mm,Graphene 360+ / Graphite,66,Hydrosorb Pro,Low,"16 Mains / 19 CrossesMains Skip: 8T,8HTwo PieceNo Shared Holes","Fast, Long Swing",320
Babolat,$259,98 sq. in MP,27 inches,Strung — 11.3 oz / 323 g Unstrung — 10.8 oz / 305 g,50-59 Pounds,6 Pts Head Light,21/23/22mm,Graphite,67,Syntec Pro,Low,"16 Mains / 20 CrossesMains Skip: 7T, 9T, 7H, 9HTwo PieceNo Shared Holes","Fast, Long Swing",321
Volkl,$209.99,100 sq. in MP,27 inches,Strung — 10.5 oz / 299 g Unstrung — 10.1 oz / 285 g,50-60 Pounds,4 Pts Head Light,22/24/22mm,V-Cell/Graphite,70,Volkl,Medium,"16 Mains / 18 CrossesMains Skip: 8T,8HTwo PieceNo Shared Holes","Medium, Moderate Swing",303
Yonex,$239,100 sq. in MP,27 inches,Strung — 11.2 oz / 318 g Unstrung — 10.6 oz / 300 g,45-60 Pounds,4 Pts Head Light,21mm,H.M. Graphite/Black Micro Core/Namd,66,Yonex Super Cushion Grip,Medium,"16 Mains / 19 CrossesMains Skip: 8T, 8HTwo PieceNo Shared Holes","Medium, Moderate Swing",318
Tecnifibre,$179.95,100 sq. in MP,26.6 inches,Strung — 10.1 oz / 285 g Unstrung — 9.5 oz / 270 g,50-55 Pounds,Even Balance,24/25/24mm,Graphite,71,Wax Grip,Medium,"14 Mains / 18 CrossesMains Skip: 7T, 9T, 7H, 9HTwo PieceNo Shared Holes","Medium, Moderate Swing",285
Yonex,$229,100 sq. in MP,27 inches,Strung — 11.2 oz / 318 g Unstrung — 10.6 oz / 300 g,45-60 Pounds,4 Pts Head Light,23.5/26/22mm,HM Graphite / M40X with VDM HM Graphite / M40X / VDM,68,Yonex Synthetic,Medium,"16 Mains / 19 CrossesMains Skip: 8T,8HTwo PieceNo Shared Holes","Medium, Moderate Swing",320
Dunlop,$179.99,100 sq. in MP,27 inches,Strung — 10.7 oz / 303 g Unstrung — 10.0 oz / 285 g,45-65 Pounds,3 Pts Head Light,23/26/23mm,Sonic Core with Infinergy / Graphite,71,Dunlop Viper Dry,Medium,"16 Mains / 19 CrossesMains Skip: 7T, 9T, 7H, 9HTwo PieceNo Shared Holes","Medium, Moderate Swing",303
Wilson,$199,115 sq. in OS,27.9 inches,Strung — 9.1 oz / 255 g Unstrung — 8.4 oz / 239 g,55-65 Pounds,10 Pts Head Heavy,27/29/28mm,Graphite,71,Wilson Synthetic,High,"16 Mains / 19 CrossesMains Skip: 7T, 9T, 7H, 9HTwo PieceNo Shared Holes","Slow, Compact Swing",335
Yonex,$229,98 sq. in MP,27.5 inches,Strung — 11.4 oz / 323 g Unstrung — 10.8 oz / 305 g,40-55 Pounds,5 Pts Head Light,23/24/19mm,HM Graphite / M40X with VDM HM Graphite / M40X / VDM,64,Yonex Synthetic,Medium,"16 Mains / 19 CrossesMains Skip: 8T,8HTwo PieceNo Shared Holes","Medium, Moderate Swing",333
Head,$199.95,100 sq. in MP,27 inches,Strung — 9.9 oz / 281 g Unstrung — 9.3 oz / 265 g,48-57 Pounds,2 Pts Head Heavy,25mm,Graphene 360+ / Graphite,68,HEAD Hydrosorb Pro,Medium,"16 Mains / 19 CrossesMains Skip: 8T,8HTwo PieceNo Shared Holes","Medium, Moderate Swing",306
Head,$199.95,115 sq. in OS,27.4 inches,Strung — 9.6 oz / 272 g Unstrung — 9.0 oz / 255 g,52-62 Pounds,2 Pts Head Heavy,26/26/28mm,Grahene 360+ / Graphite,69,HEAD Hydrosorb Pro,High,"16 Mains / 19 CrossesMains Skip: 7T, 9T, 10T, 7H, 9HTwo PieceNo Shared Holes","Slow, Compact Swing",320
Yonex,$209,100 sq. in MP,27 inches,Strung — 10.0 oz / 283 g Unstrung — 9.5 oz / 270 g,40-55 Pounds,3 Pts Head Light,23.5/26/22mm,HM Graphite / M40X with VDM HM Graphite / M40X / VDM,67,Yonex Synthetic,Medium,"16 Mains / 18 CrossesMains Skip: 8T,8HTwo PieceNo Shared Holes","Medium, Moderate Swing",305
Yonex,$219,100 sq. in MP,27 inches,Strung — 10.6 oz / 301 g Unstrung — 10.1 oz / 285 g,45-60 Pounds,3 Pts Head Light,23.5/26/22mm,HM Graphite / M40X with VDM HM Graphite / M40X / VDM,68,Yonex Synthetic,Medium,"16 Mains / 19 CrossesMains Skip: 8T,8HTwo PieceNo Shared Holes","Medium, Moderate Swing",311
Head,$89.95,102 sq. in MP,27 inches,Strung — 10.4 oz / 295 g Unstrung — 9.9 oz / 280 g,48-57 Pounds,4 Pts Head Light,22/25/23mm,Graphene XT / Graphite,60,Hydrosorb Pro,Medium,"16 Mains / 19 CrossesMains Skip: 8T, 8HTwo PieceNo Shared Holes","Medium, Moderate Swing",300
Yonex,$239,97 sq. in MP,27 inches,Strung — 11.9 oz / 337 g Unstrung — 11.3 oz / 320 g,45-60 Pounds,7 Pts Head Light,20mm,H.M. Graphite/Black Micro Core/Namd,60,Yonex Super Cushion Grip,Low,"18 Mains / 20 CrossesMains Skip: 8T, 10T, 8H, 10HTwo PieceNo Shared Holes","Fast, Long Swing",325
Dunlop,$179.99,105 sq. in OS,27.25 inches,Strung — 10.1 oz / 286 g Unstrung — 9.5 oz / 270 g,40-60 Pounds,1 Pts Head Light,23/26.5/23mm,Sonic Core with Infinergy & Graphite,66,Dunlop Viper Dry,High,"16 Mains / 19 CrossesMains Skip: 8T,8HTwo PieceNo Shared Holes","Slow, Compact Swing",313
Babolat,$159,102 sq. in MP,27 inches,Strung — 10.4 oz / 294 g Unstrung — 9.9 oz / 280 g,50-55 Pounds,4 Pts Head Light,23/26/23mm,Graphite,65,Babolat Synthetic,Medium,"16 Mains / 19 CrossesMains Skip: 8T, 7H, 9HTwo PieceNo Shared Holes","Medium, Moderate Swing",308
Head,$229.95,100 sq. in MP,27 inches,Strung — 11.2 oz / 318 g Unstrung — 10.6 oz / 300 g,48-57 Pounds,4 Pts Head Light,23mm,Graphene 360+ / Graphite,64,HEAD Hydrosorb Pro,Low,"16 Mains / 19 CrossesMains Skip: 7T, 9T, 7H, 9HTwo PieceNo Shared Holes","Fast, Long Swing",329
Yonex,$209,100 sq. in MP,27 inches,Strung — 10.0 oz / 283 g Unstrung — 9.5 oz / 270 g,40-55 Pounds,3 Pts Head Light,23.5/26/22mm,HM Graphite / M40X with VDM HM Graphite / M40X / VDM,67,Yonex Synthetic,Medium,"16 Mains / 18 CrossesMains Skip: 8T,8HTwo PieceNo Shared Holes","Medium, Moderate Swing",305
Tecn,$179.95,105 sq. in OS,26.6 inches,Strung — 9.8 oz / 277 g Unstrung — 9.2 oz / 260 g,50-55 Pounds,1 Pt Head Light,24/25/24mm,Graphite,68,Wax Grip,Medium,"16 Mains / 19 CrossesMains Skip: 7T, 9T, 7H, 9HTwo PieceNo Shared Holes","Medium, Moderate Swing",284
Head,$229.95,98 sq. in MP,27 inches,Strung — 11.9 oz / 335 g Unstrung — 11.3 oz / 320 g,48-57 Pounds,7 Pts Head Light,20mm,Graphene 360+ / Graphite,60,HEAD Hydrosorb Pro,Low,"18 Mains / 20 CrossesMains Skip: 8T, 10T, 8H, 10HTwo PieceNo Shared Holes","Fast, Long Swing",325
Yonex,$229,98 sq. in MP,27 inches,Strung — 11.3 oz / 320 g Unstrung — 10.8 oz / 305 g,45-60 Pounds,6 Pts Head Light,23/24/19mm,HM Graphite / M40X with VDM HM Graphite / M40X / VDM,64,Yonex Synthetic,Medium,"16 Mains / 19 CrossesMains Skip: 8T,8HTwo PieceNo Shared Holes","Fast, Long Swing",317
Head,$209.95,100 sq. in MP,27 inches,Strung — 10.7 oz / 303 g Unstrung — 10.1 oz / 285 g,48-57 Pounds,4 Pts Head Light,25mm,Graphene 360+ / Graphite,69,HEAD Hydrosorb Pro,Medium,"16 Mains / 19 CrossesMains Skip: 8T,8HTwo PieceNo Shared Holes","Medium, Moderate Swing",308
Head,$229.95,99 sq. in MP,27 inches,Strung — 11.5 oz / 323 g Unstrung — 10.8 oz / 305 g,48-57 Pounds,4 Pts Head Light,21.5mm,Graphene 360+ / Graphite,65,HEAD Hydrosorb Pro,Low,"18 Mains / 19 CrossesMains Skip: 8T, 10T, 8H, 10HTwo PieceNo Shared Holes","Fast, Long Swing",326
Head,$179.95,115 sq. in OS,27.7 inches,Strung — 8.7 oz / 247 g Unstrung — 8.1 oz / 230 g,52-62 Pounds,9 Pts Head Heavy,29mm,Graphene 360+ / Graphite,66,Hydrosorb Pro,High,"16 Mains / 19 CrossesMains Skip: 8T,8HTwo PieceNo Shared Holes","Slow, Compact Swing",306
Wilson,$189,100 sq. in MP,27 inches,Strung — 10.4 oz / 295 g Unstrung — 9.9 oz / 280 g,47-57 Pounds,4 Pts Head Light,24/26/23mm,High Performance Carbon Fiber,69,Wilson Pro Performance,Medium,"16 Mains / 19 CrossesMains Skip: 8T, 8HTwo PieceNo Shared Holes","Medium, Moderate Swing",294
Dunlop,$199.99,100 sq. in MP,27 inches,Strung — 11.2 oz / 318 g Unstrung — 10.6 oz / 300 g,45-65 Pounds,4 Pts Head Light,23/26/23mm,Sonic Core with Infinergy / Graphite,71,Dunlop Viper Dry,Medium,"16 Mains / 19 CrossesMains Skip: 7T, 9T, 7H, 9HTwo PieceNo Shared Holes","Medium, Moderate Swing",317
Dunlop,$199.99,100 sq. in MP,27 inches,Strung — 11.6 oz / 329 g Unstrung — 10.9 oz / 310 g,45-65 Pounds,6 Pts Head Light,23/26/23mm,Sonic Core with Infinergy & Graphite,65,Dunlop Viper Dry,Medium,"16 Mains / 19 CrossesMains Skip: 8T,8HTwo PieceNo Shared Holes","Fast, Long Swing",336
Yonex,$239,100 sq. in MP,27 inches,Strung — 10.5 oz / 298 g Unstrung — 9.9 oz / 280 g,45-60 Pounds,Even Balance,21mm,H.M. Graphite/Black Micro Core/Namd,66,Yonex Super Cushion Grip,Medium,"16 Mains / 19 CrossesMains Skip: 8T, 8HTwo PieceNo Shared Holes","Medium, Moderate Swing",312
Volkl,$199.99,100 sq. in MP,27 inches,Strung — 11.4 oz / 323 g Unstrung — 10.8 oz / 305 g,50-60 Pounds,6 Pts Head Light,22/24/22mm,V Cell & Graphite,68,Volkl Synthetic,Low,"18 Mains / 20 CrossesMains Skip: 8T, 10T, 8H, 10HTwo PieceNo Shared Holes","Fast, Long Swing",324
Volkl,$209.99,100 sq. in MP,27 inches,Strung — 11.6 oz / 332 g Unstrung — 11.1 oz / 315 g,50-60 Pounds,7 Pts Head Light,22/24/22mm,V-Cell/Graphite,66,Volkl,Low,"16 Mains / 18 CrossesMains Skip: 8T,8HTwo PieceNo Shared Holes","Fast, Long Swing",316
Pro,$179,100 sq. in MP,27.5 inches,Strung — 11.5 oz / 326 g Unstrung — 10.9 oz / 310 g,50-65 Pounds,8 Pts Head Light,21.5mm,Graphite/Spiraltech Carbon,66,Pro Kennex Synthetic,Low,"16 Mains / 20 CrossesMains Skip: 8T, 8HTwo PieceNo Shared Holes","Fast, Long Swing",337
Babolat,$219,98 sq. in MP,27 inches,Strung — 11.9 oz / 337 g Unstrung — 11.3 oz / 320 g,50-59 Pounds,6 Pts Head Light,21/23/21mm,Graphite,66,Skin Feel,Low,"16 Mains / 19 CrossesMains Skip: 8T, 8HTwo PieceNo Shared Holes","Fast, Long Swing",334
Babolat,$249,98 sq. in MP,27 inches,Strung — 11.2 oz / 318 g Unstrung — 10.6 oz / 300 g,50-59 Pounds,4 Pts Head Light,21/23mm,Graphite,66,Babolat Syntec Pro,Low,"16 Mains / 19 CrossesMains Skip: 7T, 9T, 7H, 9HTwo PieceNo Shared Holes","Fast, Long Swing",317
Volkl,$219.99,110 sq. in OS,27.8 inches,Strung — 10 oz / 283 g Unstrung — 9.5 oz / 270 g,46-60 Pounds,1 Pt Head Light,28/27/26mm,V Cell & Graphite,69,Volkl Perforated,High,"16 Mains / 19 CrossesMains Skip: 8T, 8HTwo PieceNo Shared Holes","Slow, Compact Swing",317
Pro,$169,98 sq. in MP,27 inches,Strung — 11.1 oz / 315 g Unstrung — 10.6 oz / 300 g,50-65 Pounds,6 Pts Head Light,19.5mm,Graphite/Spiraltech Carbon,63,Pro Kennex Synthetic,Low,"16 Mains / 19 CrossesMains Skip: 7T, 9T, 7H, 9HTwo PieceNo Shared Holes","Fast, Long Swing",323
Pro,$189,105 sq. in OS,27.5 inches,Strung — 9.7 oz / 275 g Unstrung — 9.1 oz / 260 g,50-65 Pounds,2 Pts Head Light,26mm,Graphite/Spiraltech Carbon,72,Pro Kennex Synthetic,Medium,"16 Mains / 19 CrossesMains Skip: 7T, 9T, 7H, 9HTwo PieceNo Shared Holes","Medium, Moderate Swing",316
Yonex,$229,100 sq. in MP,27 inches,Strung — 11.1 oz / 315 g Unstrung — 10.6 oz / 301 g,45-60 Pounds,4 Pts Head Light,24/25/22mm,H.M. Graphite/Black Micro Core/Namd,65,Yonex Synthetic,Low,"16 Mains / 19 CrossesMains Skip: 8T, 8HTwo PieceNo Shared Holes","Medium, Moderate Swing",325
Yonex,$229,98 sq. in MP,27 inches,Strung — 11.3 oz / 320 g Unstrung — 10.8 oz / 306 g,45-60 Pounds,6 Pts Head Light,22/22/21mm,H.M. Graphite/Black Micro Core/Namd,63,Yonex Synthetic,Low,"16 Mains / 19 CrossesMains Skip: 8T, 8HTwo PieceNo Shared Holes","Medium, Moderate Swing",318
Babolat,$229,100 sq. in MP,27.5 inches,Strung — 11.3 oz / 321 g Unstrung — 10.6 oz / 300 g,50-59 Pounds,6 Pts Head Light,23/26/23mm,Graphite,65,Babolat Syntec Pro,Low,"16 Mains / 19 CrossesMains Skip: 7T, 9T, 7H, 9HTwo PieceNo Shared Holes","Fast, Long Swing",329
Tecnifibre,$229.95,98 sq. in MP,27 inches,Strung — 11.4 oz / 323 g Unstrung — 10.8 oz / 305 g,49-59 Pounds,4 Pts Head Light,21.7mm,Dynacore/Graphite/XTC,65,Tecnifibre X-Tra Feel,Low,"18 Mains / 20 CrossesMains Skip: 8T, 10T, 8H, 10HTwo PieceNo Shared Holes","Fast, Long Swing",326
Babolat,$219,100 sq. in MP,27 inches,Strung — 11.2 oz / 318 g Unstrung — 10.6 oz / 300 g,50-59 Pounds,4 Pts Head Light,21/23/21mm,Graphite,68,Babolat Syntec Team,Low,"16 Mains / 19 CrossesMains Skip: 7T, 9T, 7H, 9HTwo PieceNo Shared Holes","Fast, Long Swing",320
Tecnifibre,$209.95,100 sq. in MP,27 inches,Strung — 10.6 oz / 300 g Unstrung — 10 oz / 285 g,49-59 Pounds,1 Pts Head Light,25/26.6/24.7mm,Graphite,73,Tecnifibre Wax Grip Feel,Medium,"16 Mains / 19 CrossesMains Skip: 7T, 9T, 7H, 9HTwo PieceNo Shared Holes","Medium, Moderate Swing",314
Babolat,$229,100 sq. in MP,27 inches,Strung — 11.1 oz / 315 g Unstrung — 10.6 oz / 301 g,50-59 Pounds,4 Pts Head Light,23/26/23mm,Graphite,67,Babolat Syntec,Medium,"16 Mains / 19 CrossesMains Skip: 7T, 9T, 7H, 9HTwo PieceNo Shared Holes","Fast, Long Swing",324
Wilson,$249,100 sq. in MP,27 inches,Strung — 11.5 oz / 325 g Unstrung — 10.9 oz / 310 g,48-58 Pounds,9 Pts Head Light,24.5mm,High Performance Carbon Fiber,50,Wilson Pro Performance,Low,"16 Mains / 19 CrossesMains Skip: 7T, 9T, 7H, 9HTwo PieceNo Shared Holes","Fast, Long Swing",325
Volkl,$179.99,98 sq. in MP,27 inches,Strung — 12.1 oz / 343 g Unstrung — 11.6 oz / 329 g,50-60 Pounds,10 Pts Head Light,20mm,Carbon Graphite,60,Biotac,Low,"16 Mains / 19 CrossesMains Skip: 8T,8HTwo PieceNo Shared Holes","Fast, Long Swing",331
Yonex,$229,100 sq. in MP,27.5 inches,Strung — 11.2 oz / 318 g Unstrung — 10.6 oz / 300 g,45-60 Pounds,3 Pts Head Light,24/25/22mm,H.M. Graphite/Black Micro Core/Namd,68,Yonex Synthetic,Medium,"16 Mains / 19 CrossesMains Skip: 8T, 8HTwo PieceNo Shared Holes","Medium, Moderate Swing",341
Wilson,$219,98 sq. in MP,27 inches,Strung — 11.4 oz / 323 g Unstrung — 10.8 oz / 305 g,50-60 Pounds,4 Pts Head Light,20.6mm,Braided Graphite + Basalt,62,Wilson Pro Performance,Low,"18 Mains / 20 CrossesMains Skip: 8T, 10T, 8H, 10HTwo PieceNo Shared Holes","Fast, Long Swing",335
Dunlop,$99.99,98 sq. in MP,27 inches,Strung — 10.7 oz / 303 g Unstrung — 10.2 oz / 289 g,45-60 Pounds,4 Pts Head Light,21.5mm,Sonic Core with Infinergy,63,Dunlop Synthetic,Medium,"16 Mains / 19 CrossesMains Skip: 8T, 8HTwo PieceNo Shared Holes","Medium, Moderate Swing",318
Wilson,$229,108 sq. in OS,27.25 inches,Strung — 10.5 oz / 298 g Unstrung — 9.9 oz / 280 g,48-58 Pounds,Even Balance,24.5mm,High Performance Carbon Fiber,54,Wilson Pro Performance,Medium,"16 Mains / 19 CrossesMains Skip: 7T, 9T, 7H, 9HTwo PieceNo Shared Holes","Medium, Moderate Swing",313
Head,$129.95,104 sq. in MP,27 inches,Strung — 10.1 oz / 286 g Unstrung — 9.5 oz / 270 g,48-57 Pounds,1 Pt Head Light,24mm,Graphene 360+ & Graphite,60,HEAD Hydrosorb Pro,High,"16 Mains / 20 CrossesMains Skip: 7T, 9T, 7H, 9HTwo PieceNo Shared Holes","Slow, Compact Swing",300
Yonex,$229,98 sq. in MP,27 inches,Strung — 11.4 oz / 323 g Unstrung — 10.8 oz / 306 g,45-60 Pounds,6 Points Head Light,22/22/21mm,H.M. Graphite/Black Micro Core/Namd,65,Yonex Synthetic,Low,"16 Mains / 19 CrossesMains Skip: 8T, 8HTwo PieceNo Shared Holes","Medium, Moderate Swing",318
Volkl,$249.99,115 sq. in OS,27.8 inches,Strung — 9.5 oz / 269 g Unstrung — 9.0 oz / 255 g,48-58 Pounds,4 Pts Head Heavy,27/29mm,Vcell/Graphite,70,Volkl Synthetic,High,"16 Mains / 17 CrossesMains Skip: 7T, 9T, 8HTwo PieceNo Shared Holes","Slow, Compact Swing",314
Babolat,$199,100 sq. in MP,27 inches,Strung — 10 oz / 283 g Unstrung — 9.5 oz / 269 g,50-59 Pounds,Even Balance,23/26/23mm,Graphite,67,Babolat Syntec,Medium,"16 Mains / 19 CrossesMains Skip: 7T, 9T, 7H, 9HTwo PieceNo Shared Holes","Medium, Moderate Swing",313
Volkl,$199.99,98 sq. in MP,27 inches,Strung — 11.8 oz / 335 g Unstrung — 11.3 oz / 320 g,50-60 Pounds,6 Pts Head Light,20/21/20mm,Vcell/Graphite,66,Volkl Synthetic,Low,"16 Mains / 19 CrossesMains Skip: 8T, 8HTwo PieceNo Shared Holes","Fast, Long Swing",323
Volkl,$149.99,100 sq. in MP,27 inches,Strung — 9.8 oz / 278 g Unstrung — 9.2 oz / 260 g,50-60 Pounds,1 Pts Head Light,22/24/22mm,Vcell/Graphite,70,Volkl Synthetic,Medium,"16 Mains / 18 CrossesMains Skip: 8T, 8HTwo PieceNo Shared Holes","Medium, Moderate Swing",297
Head,$129.95,104 sq. in MP,27 inches,Strung — 10.7 oz / 303 g Unstrung — 10.1 oz / 285 g,48-57 Pounds,3 Pts Head Light,24mm,Graphene 360+ & Graphite,60,HEAD Hydrosorb Pro,Medium,"16 Mains / 20 CrossesMains Skip: 7T, 9T, 7H, 9HTwo PieceNo Shared Holes","Medium, Moderate Swing",310
Yonex,$229,98 sq. in MP,27 inches,Strung — 10.7 oz / 303 g Unstrung — 10.2 oz / 289 g,49-55 Pounds,3 Pts Head Light,22/21/22mm,H.M. Graphite/Black Micro Core/Namd,65,Yonex Synthetic,Medium,"16 Mains / 19 CrossesMains Skip: 8T, 8HTwo PieceNo Shared Holes","Medium, Moderate Swing",310
Pro,$179,100 sq. in MP,27 inches,Strung — 10.8 oz / 306 g Unstrung — 10.2 oz / 290 g,50-65 Pounds,3 Pts Head Light,21.5mm,Graphite/Spiraltech Carbon,66,Pro Kennex Synthetic,Medium,"16 Mains / 20 CrossesMains Skip: 8T, 8HTwo PieceNo Shared Holes","Medium, Moderate Swing",316
Volkl,$199.99,99 sq. in MP,27 inches,Strung — 11.3 oz / 320 g Unstrung — 10.8 oz / 305 g,50-60 Pounds,3 Pts Head Light,23/20/23mm,Vcell/Graphite,70,Volkl Synthetic,Medium,"16 Mains / 19 CrossesMains Skip: 8T, 8HTwo PieceNo Shared Holes","Fast, Long Swing",320
Babolat,$209,100 sq. in MP,27 inches,Strung — 10.7 oz / 303 g Unstrung — 10.1 oz / 285 g,50-59 Pounds,1 Pt Head Light,21/23/21mm,Graphite,69,Babolat Syntec Team,Medium,"16 Mains / 19 CrossesMains Skip: 7T, 9T, 7H, 9HTwo PieceNo Shared Holes","Medium, Moderate Swing",310
Pro,$169,98 sq. in MP,27 inches,Strung — 11.7 oz / 332 g Unstrung — 11.1 oz /315 g,50-65 Pounds,6 Pts Head Light,19.5mm,Graphite/Spiraltech Carbon,63,Pro Kennex Synthetic,Low,"16 Mains / 19 CrossesMains Skip: 7T, 9T, 7H, 9HTwo PieceNo Shared Holes","Fast, Long Swing",320
Yonex,$229,98 sq. in MP,27.5 inches,Strung — 11.4 oz / 323 g Unstrung — 10.8 oz / 305 g,45-60 Pounds,5 Pts Head Light,22/22/21mm,H.M. Graphite/Black Micro Core/Namd,64,Yonex Synthetic,Medium,"16 Mains / 19 CrossesMains Skip: 8T, 8HTwo PieceNo Shared Holes","Medium, Moderate Swing",340
Volkl,$169.99,102 sq. in MP,27 inches,Strung — 10.6 oz / 301 g Unstrung — 10.1 oz / 286 g,50-60 Pounds,1 Pts Head Light,25/22/28mm,Graphite,69,Volkl Synthetic,Medium,"16 Mains / 19 CrossesMains Skip: 8T, 8HTwo PieceNo Shared Holes","Medium, Moderate Swing",318
Babolat,$169,115 sq. in OS,27.6 inches,Strung — 9.1 oz / 258 g Unstrung — 8.5 oz / 241 g,50-55 Pounds,5 Pts Head Heavy,25/28/24mm,Graphite,66,Syntec Lite,High,"16 Mains / 20 CrossesMains Skip: 8T, 8HTwo PieceNo Shared Holes","Slow, Compact Swing",314
Wilson,$219,98 sq. in MP,27 inches,Strung — 11.4 oz / 323 g Unstrung — 10.8 oz / 305 g,50-60 Pounds,4 Pts Head Light,20.6mm,Braided Graphite + Basalt,62,Wilson Pro Performance,Low,"16 Mains / 19 CrossesMains Skip: 8T, 8HTwo PieceNo Shared Holes","Fast, Long Swing",331
Wilson,$199,100 sq. in MP,27 inches,Strung — 9.9 oz / 281 g Unstrung — 9.3 oz / 265 g,48-58 Pounds,1 Pt Head Light,24.5mm,High Performance Carbon Fiber,54,Wilson Pro Performance,Medium,"16 Mains / 19 CrossesMains Skip: 7T, 9T, 7H, 9HTwo PieceNo Shared Holes","Medium, Moderate Swing",300
Pro,$179,100 sq. in MP,27 inches,Strung — 11.5 oz / 326 g Unstrung — 10.9 oz / 310 g,50-65 Pounds,8 Pts Head Light,21.5mm,Graphite/Spiraltech Carbon,66,Pro Kennex Synthetic,Low,"16 Mains / 20 CrossesMains Skip: 8T, 8HTwo PieceNo Shared Holes","Fast, Long Swing",320
Yonex,$229,100 sq. in MP,27 inches,Strung — 11.2 oz / 318 g Unstrung — 10.6 oz / 301 g,45-60 Pounds,4 Points Head Light,24/25/22mm,H.M. Graphite/Black Micro Core/Namd,69,Yonex Synthetic,Medium,"16 Mains / 19 CrossesMains Skip: 8T, 8HTwo PieceNo Shared Holes","Medium, Moderate Swing",320
Babolat,$219,98 sq. in MP,27 inches,Strung — 11.4 oz / 323 g Unstrung — 10.8 oz / 306 g,50-59 Pounds,4 Pts Head Light,21/23/21mm,Graphite,67,Skin Feel,Low,"16 Mains / 19 CrossesMains Skip: 8T, 8HTwo PieceNo Shared Holes","Fast, Long Swing",330
Dunlop,$99.99,98 sq. in MP,27 inches,Strung — 11.4 oz / 323 g Unstrung — 10.8 oz / 306 g,45-60 Pounds,6 Pts Head Light,21.5mm,Sonic Core with Infinergy,64,Dunlop Synthetic,Low,"16 Mains / 19 CrossesMains Skip: 8T, 8HTwo PieceNo Shared Holes","Fast, Long Swing",318
Babolat,$229,100 sq. in MP,27 inches,Strung — 11.7 oz / 330 g Unstrung — 11.1 oz / 315 g,50-59 Pounds,6 Pts Head Light,23/26/23mm,Graphite,65,Babolat Syntec Pro,Low,"16 Mains / 19 CrossesMains Skip: 7T, 9T, 7H, 9HTwo PieceNo Shared Holes","Fast, Long Swing",331
Wilson,$229,100 sq. in MP,27 inches,Strung — 10.5 oz / 298 g Unstrung — 9.9 oz / 280 g,48-58 Pounds,6 Pts Head Light,24.5mm,High Performance Carbon Fiber,52,Wilson Pro Performance,Medium,"16 Mains / 19 CrossesMains Skip: 7T, 9T, 7H, 9HTwo PieceNo Shared Holes","Medium, Moderate Swing",310
Yonex,$179,100 sq. in MP,27 inches,Strung — 10.1 oz / 286 g Unstrung — 9.6 oz / 272 g,49-55 Pounds,3 Pts Head Light,24/26/22mm,H.M. Graphite/Black Micro Core/Namd,65,Yonex Synthetic,High,"16 Mains / 19 CrossesMains Skip: 8T, 8HTwo PieceNo Shared Holes","Medium, Moderate Swing",305
Wilson,$199,104 sq. in MP,27.5 inches,Strung — 10.8 oz / 306 Unstrung — 10.2 oz / 290 g,50-60 Pounds,6 Points Head Light,22mm,Braided Graphite + Basalt,60,Wilson Pro Performance,Medium,"16 Mains / 19 CrossesMains Skip: 8T, 8HTwo PieceNo Shared Holes","Medium, Moderate Swing",321
Tecnifibre,$209.95,100 sq. in MP,27 inches,Strung — 10.1 oz / 286 g Unstrung — 9.5 oz / 270 g,49-59 Pounds,Even Balance,25/26.6/24.7mm,Graphite,73,Tecnifibre Wax Grip Feel,Medium,"16 Mains / 19 CrossesMains Skip: 7T, 9T, 7H, 9HTwo PieceNo Shared Holes","Medium, Moderate Swing",306
Volkl,$179.99,104 sq. in MP,27.3 inches,Strung — 10.8 oz / 306 g Unstrung — 10.2 oz / 290 g,50-60 Pounds,3 Pts Head Light,23/25/23mm,V Cell & Graphite,70,Volkl Perforated,Medium,"16 Mains / 19 CrossesMains Skip: 8T, 8HTwo PieceNo Shared Holes","Medium, Moderate Swing",321
Volkl,$199.99,110 sq. in OS,27.6 inches,Strung — 10.7 oz / 303 g Unstrung — 10.1 oz / 285 g,50-60 Pounds,5 Pts Head Light,26/23/29mm,Vcell/Graphite,68,Volkl Synthetic,High,"16 Mains / 19 CrossesMains Skip: 8T, 8HTwo PieceNo Shared Holes","Slow, Compact Swing",312
Volkl,$229.99,115 sq. in OS,27.6 inches,Strung — 9.9 oz / 281 g Unstrung — 9.4 oz / 266 g,50-60 Pounds,2 Pts Head Light,28mm,Vcell/Graphite,68,Volkl Synthetic,High,"16 Mains / 19 CrossesMains Skip: 8T, 8HTwo PieceNo Shared Holes","Slow, Compact Swing",317
Babolat,$209,100 sq. in MP,27 inches,Strung — 10.6 oz / 301 g Unstrung — 10.1 oz / 286 g,50-59 Pounds,4 pts Head Light,23/26/23mm,Graphite,67,Babolat Syntec,Medium,"16 Mains / 19 CrossesMains Skip: 7T, 9T, 7H, 9HTwo PieceNo Shared Holes","Medium, Moderate Swing",311
Wilson,$249,100 sq. in MP,27 inches,Strung — 10.9 oz / 310 g Unstrung — 10.4 oz / 295 g,48-58 Pounds,7 Pts Head Light,24.5mm,High Performance Carbon Fiber,49,Wilson Pro Performance,Low,"16 Mains / 19 CrossesMains Skip: 7T, 9T, 7H, 9HTwo PieceNo Shared Holes","Fast, Long Swing",327
Wilson,$199,100 sq. in MP,27 inches,Strung — 10.7 oz / 303 g Unstrung — 10.1 oz / 285 g,50-60 Pounds,1 Point Head Light,22mm,Braided Graphite + Basalt,68,Wilson Pro Performance,Medium,"16 Mains / 19 CrossesMains Skip: 8T, 8HTwo PieceNo Shared Holes","Medium, Moderate Swing",317
Pro,$189,105 sq. in OS,27.5 inches,Strung — 10.6 oz / 301 g Unstrung — 10.0 oz / 285 g,50-65 Pounds,5 Pts Head Light,26mm,Graphite/Spiraltech Carbon,72,Pro Kennex Synthetic,Medium,"16 Mains / 19 CrossesMains Skip: 7T, 9T, 7H, 9HTwo PieceNo Shared Holes","Medium, Moderate Swing",320
Dunlop,$229,115 sq. in OS,27.5 inches,Strung — 9.5 oz / 269 g Unstrung — 9 oz / 255 g,45-60 Pounds,6 Pts Head Heavy,27-28-26mm,Sonic Core,75,Dunlop Synthetic,High,"16 Mains / 18 CrossesMains Skip: 8T, 8HTwo PieceNo Shared Holes","Slow, Compact Swing",314
Yonex,$179,100 sq. in MP,27 inches,Strung — 10.1 oz / 286 g Unstrung — 9.6 oz / 272 g,49-55 Pounds,3 Pts Head Light,24/26/22mm,H.M. Graphite/Black Micro Core/Namd,65,Yonex Synthetic,High,"16 Mains / 19 CrossesMains Skip: 8T, 8HTwo PieceNo Shared Holes","Medium, Moderate Swing",305
Volkl,$199.99,102 sq. in MP,27 inches,Strung — 10.7 oz / 303 g Unstrung — 10.1 oz / 285 g,50-60 Pounds,3 Pts Head Light,25/22/28mm,Vcell/Graphite,68,Volkl Synthetic,Medium,"16 Mains / 19 CrossesMains Skip: 8T, 8HTwo PieceNo Shared Holes","Medium, Moderate Swing",308
Babolat,$219,98 sq. in MP,27 inches,Strung — 11.4 oz / 323 g Unstrung — 10.8 oz / 306 g,50-59 Pounds,4 Pts Head Light,21/23/21mm,Graphite,67,Skin Feel,Low,"18 Mains / 20 CrossesMains Skip: 8T, 10T, 8H, 10HTwo PieceNo Shared Holes","Fast, Long Swing",332
Pro,$169,98 sq. in MP,27 inches,Strung — 12.0 oz / 340 g Unstrung — 11.5 oz / 325 g,50-65 Pounds,7 Pts Head Light,19.5mm,Graphite/Spiraltech Carbon,63,Pro Kennex Synthetic,Low,"18 Mains / 20 CrossesMains Skip: 8T, 10T, 8H, 10HTwo PieceNo Shared Holes","Fast, Long Swing",327
Wilson,$249,98 sq. in MP,27 inches,Strung — 11.5 oz / 326 g Unstrung — 10.9 oz / 309 g,48-58 Pounds,9 Pts Head Light,24mm,High Performance Carbon Fiber,52,Wilson Pro Performance,Low,"16 Mains / 19 CrossesMains Skip: 7T, 9T, 7H, 9HTwo PieceNo Shared Holes","Fast, Long Swing",329
Volkl,$199.99,98 sq. in MP,27 inches,Strung — 11.1 oz / 315 g Unstrung — 10.6 oz / 301 g,50-60 Pounds,3 Pts Head Light,20/21/20mm,Vcell/Graphite,69,Volkl Synthetic,Low,"16 Mains / 19 CrossesMains Skip: 8T, 8HTwo PieceNo Shared Holes","Fast, Long Swing",312
Dunlop,$229,110 sq. in OS,27.5 inches,Strung — 9.5 oz / 269 g Unstrung — 9 oz / 255 g,45-60 Pounds,5 Pts Head Heavy,26-27-26mm,Sonic Core,76,Dunlop Synthetic,High,"16 Mains / 18 CrossesMains Skip: 8T, 8HTwo PieceNo Shared Holes","Slow, Compact Swing",315
Babolat,$219,100 sq. in MP,27 inches,Strung — 11.2 oz / 318 g Unstrung — 10.6 oz / 301 g,50-59 Pounds,4 Pts Head Light,23 / 26 / 23mm,Graphite,68,Babolat Syntec Pro,Medium,"16 Mains / 19 CrossesMains Skip: 7T, 9T, 7H, 9HTwo PieceNo Shared Holes","Fast, Long Swing",323
Pro,$159.99,100 sq. in MP,27 inches,Strung — 11 oz / 312 g Unstrung — 10.5 oz / 298 g,50-65 Pounds,7 Pts Head Light,22mm,Spiral Tech Carbon/Graphite,65,Pro Kennex Synthetic,Low,"16 Mains / 20 CrossesMains Skip: 8T, 8HTwo PieceNo Shared Holes","Fast, Long Swing",320
Gamma,$219.99,137 sq. in OS,29 inches,Strung — 10.4 oz / 295 g Unstrung — 9.8 oz / 278 g,50-65 Pounds,7 Pts Head Heavy,22/24/22mm,Graphite,64,RZR Tac,High,"18 Mains / 21 CrossesMains Skip: 7T, 9T, 11T, 9HOne PieceNo Shared Holes","Slow, Compact Swing",412
Babolat,$219,100 sq. in MP,27 inches,Strung — 11.6 oz / 329 g Unstrung — 11.1 oz / 315 g,50-59 Pounds,9 Pts Head Light,23/26/23mm,Graphite,70,Babolat Syntec Pro,Low,"16 Mains / 19 CrossesMains Skip: 7T, 10T, 7H, 10HTwo PieceNo Shared Holes","Fast, Long Swing",320
Head,$89.95,107 sq. in OS,27 inches,Strung — 10.9 oz / 309 g Unstrung — 10.4 oz / 295 g,52-62 Pounds,3 Pts Head Light,21mm,Graphite/Microgel,56,HydroSorb,Low,"18 Mains / 19 CrossesMains Skip: 8T, 10T, 9HTwo PieceNo Shared Holes","Fast, Long Swing",319
Pro,$169.99,105 sq. in OS,27.5 inches,Strung — 11 oz / 312 g Unstrung — 10.5 oz / 298 g,50-65 Pounds,9 Pts Head Light,25/24.5/23mm,Spiral Tech Carbon/Graphite,70,Pro Kennex Synthetic,Medium,"16 Mains / 19 CrossesMains Skip: 7T, 9T, 8HTwo PieceNo Shared Holes","Fast, Long Swing",337
Wilson,$99,110 sq. in OS,27.5 inches,Strung — 9.0 oz / 255 g Unstrung — 8.4 oz / 238 g,53-63 Pounds,11 Pts Head Heavy,28/25mm Dual Taper Beam,Hyper Carbon and Graphite,70,Cushion Aire,Medium,"16 Mains / 20 CrossesMains Skip: 7T, 9T, 7H, 9HTwo PieceNo Shared Holes","Medium, Moderate Swing",307
Yonex,$259,115 sq. in OS,27.25 inches,Strung — 9.7 oz / 275 g Unstrung — 9.2 oz / 261 g,40-60 Pounds,1 Pt Head Heavy,26/29/26 mm,H.M. Graphite/Vibslayer Carbon/Quake Shut Gel+,69,Super Grap,Medium,"16 Mains / 17 CrossesMains Skip: 8T, 8HTwo PieceNo Shared Holes","Slow, Compact Swing",311
Babolat,$219,100 sq. in MP,27.5 inches,Strung — 11.6 oz / 329 g Unstrung — 11.1 oz / 315 g,50-59 Pounds,11 Pts Head Light,23/26/23mm,Graphite,69,Babolat Syntec Pro,Low,"16 Mains / 19 CrossesMains Skip: 7T, 10T, 7H, 10HTwo PieceNo Shared Holes","Fast, Long Swing",321
Babolat,$159,115 sq. in OS,27.6 inches,Strung — 9.1 oz / 258 g Unstrung — 8.5 oz / 241 g,50-55 Pounds,5 Pts Head Heavy,25/28/24mm,Graphite,66,Syntec Lite,High,"16 Mains / 20 CrossesMains Skip: 8T, 8HTwo PieceNo Shared Holes","Slow, Compact Swing",314
Head,$89,100 sq. in MP,27 inches,Strung — 11 oz / 312 g Unstrung — 10.4 oz / 295 g,52-62 Pounds,1 Pt Head Light,23-25-21mm,Microgel / Graphite,66,1 2 3 4 5,HydroSorb,"LowString Pattern:18 Mains / 19 CrossesMains Skip: 8T,10T,8H,10H",No Shared Holes,"Fast, Long Swing"
Pacific,$129.95,100 sq. in MP,27.38 inches,Strung — 10.6 oz / 301 g Unstrung — 10.1 oz / 286 g,50-60 Pounds,8 Pts Head Light,25.5mm/23.5mm/22.5mm,Graphite/Basalt,65,Master Grip,Medium,"16 Mains / 19 CrossesMains Skip: 8T, 8HTwo PieceNo Shared Holes","Fast, Long Swing",303
Pro,$129.95,100 sq. in MP,27 inches,Strung — 10.9 oz / 309 g Unstrung — 10.4 oz / 295 g,50-65 Pounds,8.8 Pts Head Light,22.5mm,Spiral Tech Carbon/Graphite,62,Pro Kennex Synthetic,Low,"16 Mains / 20 CrossesMains Skip: 8T, 8HTwo PieceNo Shared Holes","Fast, Long Swing",314
Yonex,$259,105 sq. in OS,27 inches,Strung — 10.2 oz / 289 g Unstrung — 9.5 oz / 269 g,40-55 Pounds,4 Pts Head Light,26/29/26 mm,H.M. Graphite/Vibslayer Carbon/Quake Shut Gel+,72,Super Grap,Medium,"16 Mains / 18 CrossesMains Skip: 8T, 8HTwo PieceNo Shared Holes","Slow, Compact Swing",306
Wilson,$199,97 sq. in MP,27 inches,Strung — 10.7 oz / 303 g Unstrung — 10.2 oz / 289 g,50-60 Pounds,6 Pts Head Light,23mm,Braided Graphite,68,Wilson Sublime,Medium,"16 Mains / 19 CrossesMains Skip: 7T, 9T, 7H, 9HTwo PieceNo Shared Holes","Fast, Long Swing",313
Head,$99.95,115 sq. in OS,27.5 inches,Strung — 8.5 oz / 241 g Unstrung — 7.9 oz / 224 g,57-66 Pounds,9 Pts Head Heavy,28.5mm,Graphite/Intellifiber,74,Hydrosorb,High,14 Mains / 17 CrossesMains Skip: 7TOne PieceNo Shared Holes,"Slow, Compact Swing",315
Dunlop,$89,105 sq. in OS,27.25 inches,Strung — 10 oz / 283 g Unstrung — 9.5 oz / 269 g,40-55 Pounds,2 Pts Head Light,23/26.5/23mm,Sonic Core/Graphite,63,Dunlop Synthetic,Medium,"16 Mains / 19 CrossesMains Skip: 8T, 8HTwo PieceNo Shared Holes","Medium, Moderate Swing",322
Dunlop,$99.99,100 sq. in MP,27 inches,Strung — 10.6 oz / 301 g Unstrung — 10.1 oz / 286 g,45-60 Pounds,6 Pts Head Light,23/26/23mm,Sonic Core/Graphite,67,Dunlop Synthetic,Medium,"16 Mains / 19 CrossesMains Skip: 8T, 8HTwo PieceNo Shared Holes","Fast, Long Swing",311
Head,$89.95,98 sq. in MP,27 inches,Strung — 10.9 oz / 309 g Unstrung — 10.4 oz / 295 g,52-62 Pounds,4 Pts Head Light,21mm,Graphite/Microgel,57,HydroSorb,Low,"18 Mains / 20 CrossesMains Skip: 9T, 8H, 10HTwo PieceNo Shared Holes","Fast, Long Swing",308
Gamma,$219.99,117 sq. in OS,27 inches,Strung — 9.3 oz / 264 g Unstrung — 8.8 oz / 249 g,55-65 Pounds,7 Pts Head Heavy,22/23.5/22mm,Graphite,64,Gamma Synthetic,High,"16 Mains / 19 CrossesMains Skip: 6T, 8T, 10T, 8HTwo PieceNo Shared Holes","Medium, Moderate Swing",310
Pacific,$149.95,100 sq. in MP,27.36 inches,Strung — 10.6 oz / 301 g Unstrung — 10.1 oz / 286 g,50-60 Pounds,8 Pts Head Light,25/23/22mm,Graphite/Basalt,57,Master's Grip,Low,"16 Mains / 19 CrossesMains Skip: 8T, 8HTwo PieceNo Shared Holes","Fast, Long Swing",323
Pro,$159.99,100 sq. in MP,27 inches,Strung — 11.8 oz / 335 g Unstrung — 11.3 oz / 320 g,50-65 Pounds,10 Pts Head Light,22mm,Spiral Tech Carbon/Graphite,63,Pro Kennex Synthetic,Low,"16 Mains / 20 CrossesMains Skip: 8T, 8HTwo PieceNo Shared Holes","Fast, Long Swing",324
Babolat,$199,107 sq. in OS,27.2 inches,Strung — 10.6 oz / 301 g Unstrung — 10.1 oz / 286 g,50-59 Pounds,8 Pts Head Light,23/26/23mm,Graphite,66,Babolat Syntec Pro,Medium,"16 Mains / 19 CrossesMains Skip: 7T, 9T, 7H, 9HTwo PieceNo Shared Holes","Medium, Moderate Swing",321
Head,$79.95,115 sq. in OS,27.5 inches,Strung — 8.9 oz / 252 g Unstrung — 8.3 oz / 235 g,57-66 Pounds,13 Pts Head Heavy,28.5 mm,Graphite/Titanium Composite,76,Head Cusion Grip,High,"16 Mains / 19 CrossesMains Skip: 8T, 7H, 9HOne PieceNo Shared Holes","Medium, Moderate Swing",303
Babolat,$199,100 sq. in MP,27 inches,Strung — 10.6 oz / 301 g Unstrung — 10.1 oz / 286 g,50-59 Pounds,7 Pts Head Light,23/26/23mm,Graphite,67,Babolat Syntec Pro,Medium,"16 Mains / 19 CrossesMains Skip: 7T, 9T, 7H, 9HTwo PieceNo Shared Holes","Medium, Moderate Swing",321
Pro,$169.99,105 sq. in OS,27.5 inches,Strung — 9.6 oz / 272 g Unstrung — 9.1 oz / 258 g,50-65 Pounds,3 Pts Head Light,25/24.5/23mm,Spiral Tech Carbon/Graphite,68,Pro Kennex Synthetic,High,"16 Mains / 19 CrossesMains Skip: 7T, 9T, 8HTwo PieceNo Shared Holes","Medium, Moderate Swing",319
Pro,$129,100 sq. in MP,27.5 inches,Strung — 11.7 oz / 332 g Unstrung — 11.3 oz / 320 g,52-68 Pounds,9 Pts Head Light,22 mm Straight Beam,100% Ultra High Modulus Graphite with kinetic System Technology,65,1 2 3 4 5,perforated Cushion Grip,"MediumString Pattern:16 Mains / 20 CrossesMains Skip: 8T,8H",No Shared Holes,"Fast, Long Swing"
Yonex,$229,95 sq. in MP,27 inches,Strung — 11.5 oz / 326 g Unstrung — 10.9 oz / 309 g,45-60 Pounds,7 Pts Head Light,21/21/20mm,H.M. Graphite/Black Micro Core/Namd,60,Yonex Synthetic,Low,"16 Mains / 20 CrossesMains Skip: 7T, 9T, 7H, 9HTwo PieceNo Shared Holes","Fast, Long Swing",323
Babolat,$219,100 sq. in MP,27.5 inches,Strung — 11.1 oz / 315 g Unstrung — 10.6 oz / 301 g,50-59 Pounds,9 Pts Head Light,23/26/23mm,Graphite,69,Babolat Syntec Pro,Medium,"16 Mains / 19 CrossesMains Skip: 7T, 9T, 7H, 9HTwo PieceNo Shared Holes","Medium, Moderate Swing",320
Head,$74.95,107 sq. in OS,27.5 inches,Strung — 8.5 oz / 241 g Unstrung — 7.9 oz / 224 g,55-64 Pounds,7 Pts Head Heavy,Graphite / titanium composite,68,1 2 3 4 5,SofTac,High,"16 Mains / 19 CrossesMains Skip: 7T,9T,7H,9HOne pieceNo Shared Holes","Medium, Moderate Swing",310
Genesis,$169.90,100 sq. in MP,27 inches,Strung — 11.8 oz / 335 g Unstrung — 11.1 oz / 315 g,45-65 Pounds,8 Pts Head Light,22/26/24mm,Toray Carbon Fibers,72,Genesis Synthetic,High,"16 Mains / 19 CrossesMains Skip: 7T, 9T, 7H, 9HTwo PieceNo Shared Holes","Fast, Long Swing",323
